record_id,employee_id,employee_name,department,location,date,day_of_week,time_in,time_out,break_minutes,hours_worked,overtime_minutes,status,notes
E0001-20250701,E0001,Employee 1,Sales,Davao,2025-07-01,Tuesday,09:35,18:42,60,8.12,7,Present,
E0001-20250702,E0001,Employee 1,Sales,Davao,2025-07-02,Wednesday,09:20,18:00,60,7.67,0,Present,
E0001-20250703,E0001,Employee 1,Sales,Davao,2025-07-03,Thursday,09:41,18:10,60,7.48,0,Present,
E0001-20250704,E0001,Employee 1,Sales,Davao,2025-07-04,Friday,,,0,0.0,0,On Leave,Paid Leave
E0001-20250705,E0001,Employee 1,Sales,Davao,2025-07-05,Saturday,,,0,0.0,0,Off,
E0001-20250706,E0001,Employee 1,Sales,Davao,2025-07-06,Sunday,,,0,0.0,0,Off,
E0001-20250707,E0001,Employee 1,Sales,Davao,2025-07-07,Monday,09:43,18:21,60,7.63,0,Present,
E0001-20250708,E0001,Employee 1,Sales,Davao,2025-07-08,Tuesday,09:28,18:00,60,7.53,0,Present,
E0001-20250709,E0001,Employee 1,Sales,Davao,2025-07-09,Wednesday,09:21,18:00,60,7.65,0,Present,
E0001-20250710,E0001,Employee 1,Sales,Davao,2025-07-10,Thursday,09:09,18:14,60,8.08,4,Present,
E0001-20250711,E0001,Employee 1,Sales,Davao,2025-07-11,Friday,09:34,18:56,60,8.37,22,Present,
E0001-20250712,E0001,Employee 1,Sales,Davao,2025-07-12,Saturday,11:46,18:57,25,6.77,0,Present,Weekend OT
E0001-20250713,E0001,Employee 1,Sales,Davao,2025-07-13,Sunday,,,0,0.0,0,Off,
E0001-20250714,E0001,Employee 1,Sales,Davao,2025-07-14,Monday,09:22,18:32,60,8.17,10,Present,
E0001-20250715,E0001,Employee 1,Sales,Davao,2025-07-15,Tuesday,09:15,18:04,60,7.82,0,Present,
E0001-20250716,E0001,Employee 1,Sales,Davao,2025-07-16,Wednesday,09:57,18:38,60,7.68,0,Present,
E0001-20250717,E0001,Employee 1,Sales,Davao,2025-07-17,Thursday,09:22,18:00,60,7.63,0,Present,
E0001-20250718,E0001,Employee 1,Sales,Davao,2025-07-18,Friday,08:59,18:39,60,8.67,40,Present,
E0001-20250719,E0001,Employee 1,Sales,Davao,2025-07-19,Saturday,,,0,0.0,0,Off,
E0001-20250720,E0001,Employee 1,Sales,Davao,2025-07-20,Sunday,10:42,15:00,38,3.67,0,Present,Weekend OT
E0001-20250721,E0001,Employee 1,Sales,Davao,2025-07-21,Monday,09:48,18:23,60,7.58,0,Present,
E0001-20250722,E0001,Employee 1,Sales,Davao,2025-07-22,Tuesday,09:06,18:26,60,8.33,19,Present,
E0001-20250723,E0001,Employee 1,Sales,Davao,2025-07-23,Wednesday,09:37,18:22,60,7.75,0,Present,
E0001-20250724,E0001,Employee 1,Sales,Davao,2025-07-24,Thursday,09:44,18:00,60,7.27,0,Present,
E0001-20250725,E0001,Employee 1,Sales,Davao,2025-07-25,Friday,09:36,18:05,60,7.48,0,Present,
E0001-20250726,E0001,Employee 1,Sales,Davao,2025-07-26,Saturday,,,0,0.0,0,Off,
E0001-20250727,E0001,Employee 1,Sales,Davao,2025-07-27,Sunday,,,0,0.0,0,Off,
E0001-20250728,E0001,Employee 1,Sales,Davao,2025-07-28,Monday,,,0,0.0,0,On Leave,Paid Leave
E0001-20250729,E0001,Employee 1,Sales,Davao,2025-07-29,Tuesday,09:35,18:00,60,7.42,0,Present,
E0001-20250730,E0001,Employee 1,Sales,Davao,2025-07-30,Wednesday,09:22,18:24,60,8.03,1,Present,
E0001-20250731,E0001,Employee 1,Sales,Davao,2025-07-31,Thursday,08:56,18:43,60,8.78,46,Present,
E0002-20250701,E0002,Employee 2,Engineering,Cebu,2025-07-01,Tuesday,,,0,0.0,0,Absent,No show
E0002-20250702,E0002,Employee 2,Engineering,Cebu,2025-07-02,Wednesday,09:29,18:45,60,8.27,16,Present,
E0002-20250703,E0002,Employee 2,Engineering,Cebu,2025-07-03,Thursday,09:59,18:00,60,7.02,0,Present,
E0002-20250704,E0002,Employee 2,Engineering,Cebu,2025-07-04,Friday,,,0,0.0,0,Absent,No show
E0002-20250705,E0002,Employee 2,Engineering,Cebu,2025-07-05,Saturday,,,0,0.0,0,Off,
E0002-20250706,E0002,Employee 2,Engineering,Cebu,2025-07-06,Sunday,,,0,0.0,0,Off,
E0002-20250707,E0002,Employee 2,Engineering,Cebu,2025-07-07,Monday,09:49,18:07,60,7.3,0,Present,
E0002-20250708,E0002,Employee 2,Engineering,Cebu,2025-07-08,Tuesday,09:59,18:10,60,7.18,0,Present,
E0002-20250709,E0002,Employee 2,Engineering,Cebu,2025-07-09,Wednesday,09:36,18:00,60,7.4,0,Present,
E0002-20250710,E0002,Employee 2,Engineering,Cebu,2025-07-10,Thursday,,,0,0.0,0,Absent,No show
E0002-20250711,E0002,Employee 2,Engineering,Cebu,2025-07-11,Friday,,,0,0.0,0,On Leave,Paid Leave
E0002-20250712,E0002,Employee 2,Engineering,Cebu,2025-07-12,Saturday,,,0,0.0,0,Off,
E0002-20250713,E0002,Employee 2,Engineering,Cebu,2025-07-13,Sunday,,,0,0.0,0,Off,
E0002-20250714,E0002,Employee 2,Engineering,Cebu,2025-07-14,Monday,09:53,18:34,60,7.68,0,Present,
E0002-20250715,E0002,Employee 2,Engineering,Cebu,2025-07-15,Tuesday,09:25,18:39,60,8.23,13,Present,
E0002-20250716,E0002,Employee 2,Engineering,Cebu,2025-07-16,Wednesday,09:06,18:17,60,8.18,10,Present,
E0002-20250717,E0002,Employee 2,Engineering,Cebu,2025-07-17,Thursday,09:11,18:00,60,7.82,0,Present,
E0002-20250718,E0002,Employee 2,Engineering,Cebu,2025-07-18,Friday,,,0,0.0,0,On Leave,Paid Leave
E0002-20250719,E0002,Employee 2,Engineering,Cebu,2025-07-19,Saturday,10:54,17:35,28,6.22,0,Present,Weekend OT
E0002-20250720,E0002,Employee 2,Engineering,Cebu,2025-07-20,Sunday,09:15,16:30,36,6.65,0,Present,Weekend OT
E0002-20250721,E0002,Employee 2,Engineering,Cebu,2025-07-21,Monday,09:41,18:00,60,7.32,0,Present,
E0002-20250722,E0002,Employee 2,Engineering,Cebu,2025-07-22,Tuesday,09:09,18:45,60,8.6,36,Present,
E0002-20250723,E0002,Employee 2,Engineering,Cebu,2025-07-23,Wednesday,09:40,18:27,60,7.78,0,Present,
E0002-20250724,E0002,Employee 2,Engineering,Cebu,2025-07-24,Thursday,09:11,18:00,60,7.82,0,Present,
E0002-20250725,E0002,Employee 2,Engineering,Cebu,2025-07-25,Friday,09:24,18:26,60,8.03,1,Present,
E0002-20250726,E0002,Employee 2,Engineering,Cebu,2025-07-26,Saturday,,,0,0.0,0,Off,
E0002-20250727,E0002,Employee 2,Engineering,Cebu,2025-07-27,Sunday,,,0,0.0,0,Off,
E0002-20250728,E0002,Employee 2,Engineering,Cebu,2025-07-28,Monday,09:40,18:00,60,7.33,0,Present,
E0002-20250729,E0002,Employee 2,Engineering,Cebu,2025-07-29,Tuesday,09:45,19:00,60,8.25,15,Present,
E0002-20250730,E0002,Employee 2,Engineering,Cebu,2025-07-30,Wednesday,08:52,18:30,60,8.63,37,Present,
E0002-20250731,E0002,Employee 2,Engineering,Cebu,2025-07-31,Thursday,,,0,0.0,0,On Leave,Paid Leave
E0003-20250701,E0003,Employee 3,HR,HQ-Manila,2025-07-01,Tuesday,09:45,18:00,60,7.25,0,Present,
E0003-20250702,E0003,Employee 3,HR,HQ-Manila,2025-07-02,Wednesday,09:01,18:00,60,7.98,0,Present,
E0003-20250703,E0003,Employee 3,HR,HQ-Manila,2025-07-03,Thursday,09:10,18:00,60,7.83,0,Present,
E0003-20250704,E0003,Employee 3,HR,HQ-Manila,2025-07-04,Friday,08:51,18:29,60,8.63,37,Present,
E0003-20250705,E0003,Employee 3,HR,HQ-Manila,2025-07-05,Saturday,,,0,0.0,0,Off,
E0003-20250706,E0003,Employee 3,HR,HQ-Manila,2025-07-06,Sunday,,,0,0.0,0,Off,
E0003-20250707,E0003,Employee 3,HR,HQ-Manila,2025-07-07,Monday,09:20,18:00,60,7.67,0,Present,
E0003-20250708,E0003,Employee 3,HR,HQ-Manila,2025-07-08,Tuesday,09:55,18:28,60,7.55,0,Present,
E0003-20250709,E0003,Employee 3,HR,HQ-Manila,2025-07-09,Wednesday,09:28,18:01,60,7.55,0,Present,
E0003-20250710,E0003,Employee 3,HR,HQ-Manila,2025-07-10,Thursday,,,0,0.0,0,Absent,No show
E0003-20250711,E0003,Employee 3,HR,HQ-Manila,2025-07-11,Friday,09:26,18:24,60,7.97,0,Present,
E0003-20250712,E0003,Employee 3,HR,HQ-Manila,2025-07-12,Saturday,,,0,0.0,0,Off,
E0003-20250713,E0003,Employee 3,HR,HQ-Manila,2025-07-13,Sunday,,,0,0.0,0,Off,
E0003-20250714,E0003,Employee 3,HR,HQ-Manila,2025-07-14,Monday,,,0,0.0,0,On Leave,Paid Leave
E0003-20250715,E0003,Employee 3,HR,HQ-Manila,2025-07-15,Tuesday,08:58,18:28,60,8.5,30,Present,
E0003-20250716,E0003,Employee 3,HR,HQ-Manila,2025-07-16,Wednesday,09:09,18:23,60,8.23,13,Present,
E0003-20250717,E0003,Employee 3,HR,HQ-Manila,2025-07-17,Thursday,,,0,0.0,0,On Leave,Paid Leave
E0003-20250718,E0003,Employee 3,HR,HQ-Manila,2025-07-18,Friday,09:58,18:00,60,7.03,0,Present,
E0003-20250719,E0003,Employee 3,HR,HQ-Manila,2025-07-19,Saturday,,,0,0.0,0,Off,
E0003-20250720,E0003,Employee 3,HR,HQ-Manila,2025-07-20,Sunday,,,0,0.0,0,Off,
E0003-20250721,E0003,Employee 3,HR,HQ-Manila,2025-07-21,Monday,09:06,18:45,60,8.65,39,Present,
E0003-20250722,E0003,Employee 3,HR,HQ-Manila,2025-07-22,Tuesday,09:04,18:31,60,8.45,26,Present,
E0003-20250723,E0003,Employee 3,HR,HQ-Manila,2025-07-23,Wednesday,09:56,18:18,60,7.37,0,Present,
E0003-20250724,E0003,Employee 3,HR,HQ-Manila,2025-07-24,Thursday,09:02,18:06,60,8.07,4,Present,
E0003-20250725,E0003,Employee 3,HR,HQ-Manila,2025-07-25,Friday,09:01,18:00,60,7.98,0,Present,
E0003-20250726,E0003,Employee 3,HR,HQ-Manila,2025-07-26,Saturday,09:44,18:37,21,8.53,31,Present,Weekend OT
E0003-20250727,E0003,Employee 3,HR,HQ-Manila,2025-07-27,Sunday,,,0,0.0,0,Off,
E0003-20250728,E0003,Employee 3,HR,HQ-Manila,2025-07-28,Monday,09:52,18:26,60,7.57,0,Present,
E0003-20250729,E0003,Employee 3,HR,HQ-Manila,2025-07-29,Tuesday,09:18,18:32,60,8.23,13,Present,
E0003-20250730,E0003,Employee 3,HR,HQ-Manila,2025-07-30,Wednesday,09:16,18:25,60,8.15,9,Present,
E0003-20250731,E0003,Employee 3,HR,HQ-Manila,2025-07-31,Thursday,09:56,19:09,60,8.22,13,Present,
E0004-20250701,E0004,Employee 4,Finance,Davao,2025-07-01,Tuesday,09:06,18:14,60,8.13,7,Present,
E0004-20250702,E0004,Employee 4,Finance,Davao,2025-07-02,Wednesday,09:15,18:00,60,7.75,0,Present,
E0004-20250703,E0004,Employee 4,Finance,Davao,2025-07-03,Thursday,09:31,18:39,60,8.13,7,Present,
E0004-20250704,E0004,Employee 4,Finance,Davao,2025-07-04,Friday,09:24,18:15,60,7.85,0,Present,
E0004-20250705,E0004,Employee 4,Finance,Davao,2025-07-05,Saturday,,,0,0.0,0,Off,
E0004-20250706,E0004,Employee 4,Finance,Davao,2025-07-06,Sunday,,,0,0.0,0,Off,
E0004-20250707,E0004,Employee 4,Finance,Davao,2025-07-07,Monday,09:25,18:39,60,8.23,13,Present,
E0004-20250708,E0004,Employee 4,Finance,Davao,2025-07-08,Tuesday,,,0,0.0,0,On Leave,Paid Leave
E0004-20250709,E0004,Employee 4,Finance,Davao,2025-07-09,Wednesday,09:54,18:00,60,7.1,0,Present,
E0004-20250710,E0004,Employee 4,Finance,Davao,2025-07-10,Thursday,09:38,18:09,60,7.52,0,Present,
E0004-20250711,E0004,Employee 4,Finance,Davao,2025-07-11,Friday,08:55,18:20,60,8.42,25,Present,
E0004-20250712,E0004,Employee 4,Finance,Davao,2025-07-12,Saturday,,,0,0.0,0,Off,
E0004-20250713,E0004,Employee 4,Finance,Davao,2025-07-13,Sunday,11:04,17:02,24,5.57,0,Present,Weekend OT
E0004-20250714,E0004,Employee 4,Finance,Davao,2025-07-14,Monday,09:25,19:00,60,8.58,34,Present,
E0004-20250715,E0004,Employee 4,Finance,Davao,2025-07-15,Tuesday,09:36,18:00,60,7.4,0,Present,
E0004-20250716,E0004,Employee 4,Finance,Davao,2025-07-16,Wednesday,,,0,0.0,0,Absent,No show
E0004-20250717,E0004,Employee 4,Finance,Davao,2025-07-17,Thursday,09:00,18:00,60,8.0,0,Present,
E0004-20250718,E0004,Employee 4,Finance,Davao,2025-07-18,Friday,09:34,18:26,60,7.87,0,Present,
E0004-20250719,E0004,Employee 4,Finance,Davao,2025-07-19,Saturday,09:35,14:30,37,4.3,0,Present,Weekend OT
E0004-20250720,E0004,Employee 4,Finance,Davao,2025-07-20,Sunday,,,0,0.0,0,Off,
E0004-20250721,E0004,Employee 4,Finance,Davao,2025-07-21,Monday,09:46,18:29,60,7.72,0,Present,
E0004-20250722,E0004,Employee 4,Finance,Davao,2025-07-22,Tuesday,,,0,0.0,0,On Leave,Paid Leave
E0004-20250723,E0004,Employee 4,Finance,Davao,2025-07-23,Wednesday,09:07,18:00,60,7.88,0,Present,
E0004-20250724,E0004,Employee 4,Finance,Davao,2025-07-24,Thursday,09:45,18:00,60,7.25,0,Present,
E0004-20250725,E0004,Employee 4,Finance,Davao,2025-07-25,Friday,09:42,18:04,60,7.37,0,Present,
E0004-20250726,E0004,Employee 4,Finance,Davao,2025-07-26,Saturday,,,0,0.0,0,Off,
E0004-20250727,E0004,Employee 4,Finance,Davao,2025-07-27,Sunday,,,0,0.0,0,Off,
E0004-20250728,E0004,Employee 4,Finance,Davao,2025-07-28,Monday,09:32,18:00,60,7.47,0,Present,
E0004-20250729,E0004,Employee 4,Finance,Davao,2025-07-29,Tuesday,09:27,18:00,60,7.55,0,Present,
E0004-20250730,E0004,Employee 4,Finance,Davao,2025-07-30,Wednesday,09:07,19:15,60,9.13,67,Present,
E0004-20250731,E0004,Employee 4,Finance,Davao,2025-07-31,Thursday,,,0,0.0,0,On Leave,Paid Leave
E0005-20250701,E0005,Employee 5,Support,Davao,2025-07-01,Tuesday,,,0,0.0,0,Absent,No show
E0005-20250702,E0005,Employee 5,Support,Davao,2025-07-02,Wednesday,09:15,19:11,60,8.93,55,Present,
E0005-20250703,E0005,Employee 5,Support,Davao,2025-07-03,Thursday,09:00,18:12,60,8.2,11,Present,
E0005-20250704,E0005,Employee 5,Support,Davao,2025-07-04,Friday,09:31,18:08,60,7.62,0,Present,
E0005-20250705,E0005,Employee 5,Support,Davao,2025-07-05,Saturday,,,0,0.0,0,Off,
E0005-20250706,E0005,Employee 5,Support,Davao,2025-07-06,Sunday,,,0,0.0,0,Off,
E0005-20250707,E0005,Employee 5,Support,Davao,2025-07-07,Monday,,,0,0.0,0,Absent,No show
E0005-20250708,E0005,Employee 5,Support,Davao,2025-07-08,Tuesday,,,0,0.0,0,Absent,No show
E0005-20250709,E0005,Employee 5,Support,Davao,2025-07-09,Wednesday,09:01,18:03,60,8.03,1,Present,
E0005-20250710,E0005,Employee 5,Support,Davao,2025-07-10,Thursday,09:26,18:24,60,7.97,0,Present,
E0005-20250711,E0005,Employee 5,Support,Davao,2025-07-11,Friday,09:37,18:21,60,7.73,0,Present,
E0005-20250712,E0005,Employee 5,Support,Davao,2025-07-12,Saturday,11:51,17:53,29,5.55,0,Present,Weekend OT
E0005-20250713,E0005,Employee 5,Support,Davao,2025-07-13,Sunday,,,0,0.0,0,Off,
E0005-20250714,E0005,Employee 5,Support,Davao,2025-07-14,Monday,09:02,19:07,60,9.08,64,Present,
E0005-20250715,E0005,Employee 5,Support,Davao,2025-07-15,Tuesday,09:09,18:00,60,7.85,0,Present,
E0005-20250716,E0005,Employee 5,Support,Davao,2025-07-16,Wednesday,08:53,18:27,60,8.57,34,Present,
E0005-20250717,E0005,Employee 5,Support,Davao,2025-07-17,Thursday,09:38,18:47,60,8.15,9,Present,
E0005-20250718,E0005,Employee 5,Support,Davao,2025-07-18,Friday,08:56,18:00,60,8.07,4,Present,
E0005-20250719,E0005,Employee 5,Support,Davao,2025-07-19,Saturday,10:46,18:24,33,7.08,0,Present,Weekend OT
E0005-20250720,E0005,Employee 5,Support,Davao,2025-07-20,Sunday,,,0,0.0,0,Off,
E0005-20250721,E0005,Employee 5,Support,Davao,2025-07-21,Monday,09:44,18:24,60,7.67,0,Present,
E0005-20250722,E0005,Employee 5,Support,Davao,2025-07-22,Tuesday,09:48,18:12,60,7.4,0,Present,
E0005-20250723,E0005,Employee 5,Support,Davao,2025-07-23,Wednesday,09:22,18:28,60,8.1,6,Present,
E0005-20250724,E0005,Employee 5,Support,Davao,2025-07-24,Thursday,09:20,18:29,60,8.15,9,Present,
E0005-20250725,E0005,Employee 5,Support,Davao,2025-07-25,Friday,09:23,18:00,60,7.62,0,Present,
E0005-20250726,E0005,Employee 5,Support,Davao,2025-07-26,Saturday,,,0,0.0,0,Off,
E0005-20250727,E0005,Employee 5,Support,Davao,2025-07-27,Sunday,,,0,0.0,0,Off,
E0005-20250728,E0005,Employee 5,Support,Davao,2025-07-28,Monday,09:02,18:09,60,8.12,7,Present,
E0005-20250729,E0005,Employee 5,Support,Davao,2025-07-29,Tuesday,09:38,18:37,60,7.98,0,Present,
E0005-20250730,E0005,Employee 5,Support,Davao,2025-07-30,Wednesday,09:43,18:33,60,7.83,0,Present,
E0005-20250731,E0005,Employee 5,Support,Davao,2025-07-31,Thursday,09:12,18:33,60,8.35,21,Present,
E0006-20250701,E0006,Employee 6,Finance,HQ-Manila,2025-07-01,Tuesday,09:28,18:21,60,7.88,0,Present,
E0006-20250702,E0006,Employee 6,Finance,HQ-Manila,2025-07-02,Wednesday,09:27,18:49,60,8.37,22,Present,
E0006-20250703,E0006,Employee 6,Finance,HQ-Manila,2025-07-03,Thursday,09:31,18:14,60,7.72,0,Present,
E0006-20250704,E0006,Employee 6,Finance,HQ-Manila,2025-07-04,Friday,09:38,18:42,60,8.07,4,Present,
E0006-20250705,E0006,Employee 6,Finance,HQ-Manila,2025-07-05,Saturday,,,0,0.0,0,Off,
E0006-20250706,E0006,Employee 6,Finance,HQ-Manila,2025-07-06,Sunday,,,0,0.0,0,Off,
E0006-20250707,E0006,Employee 6,Finance,HQ-Manila,2025-07-07,Monday,09:40,18:00,60,7.33,0,Present,
E0006-20250708,E0006,Employee 6,Finance,HQ-Manila,2025-07-08,Tuesday,08:59,19:05,60,9.1,66,Present,
E0006-20250709,E0006,Employee 6,Finance,HQ-Manila,2025-07-09,Wednesday,09:59,18:00,60,7.02,0,Present,
E0006-20250710,E0006,Employee 6,Finance,HQ-Manila,2025-07-10,Thursday,09:45,18:00,60,7.25,0,Present,
E0006-20250711,E0006,Employee 6,Finance,HQ-Manila,2025-07-11,Friday,,,0,0.0,0,On Leave,Paid Leave
E0006-20250712,E0006,Employee 6,Finance,HQ-Manila,2025-07-12,Saturday,,,0,0.0,0,Off,
E0006-20250713,E0006,Employee 6,Finance,HQ-Manila,2025-07-13,Sunday,,,0,0.0,0,Off,
E0006-20250714,E0006,Employee 6,Finance,HQ-Manila,2025-07-14,Monday,08:50,18:00,60,8.17,10,Present,
E0006-20250715,E0006,Employee 6,Finance,HQ-Manila,2025-07-15,Tuesday,09:30,18:22,60,7.87,0,Present,
E0006-20250716,E0006,Employee 6,Finance,HQ-Manila,2025-07-16,Wednesday,09:26,18:00,60,7.57,0,Present,
E0006-20250717,E0006,Employee 6,Finance,HQ-Manila,2025-07-17,Thursday,09:24,18:37,60,8.22,13,Present,
E0006-20250718,E0006,Employee 6,Finance,HQ-Manila,2025-07-18,Friday,,,0,0.0,0,On Leave,Paid Leave
E0006-20250719,E0006,Employee 6,Finance,HQ-Manila,2025-07-19,Saturday,,,0,0.0,0,Off,
E0006-20250720,E0006,Employee 6,Finance,HQ-Manila,2025-07-20,Sunday,,,0,0.0,0,Off,
E0006-20250721,E0006,Employee 6,Finance,HQ-Manila,2025-07-21,Monday,09:54,18:44,60,7.83,0,Present,
E0006-20250722,E0006,Employee 6,Finance,HQ-Manila,2025-07-22,Tuesday,09:44,18:26,60,7.7,0,Present,
E0006-20250723,E0006,Employee 6,Finance,HQ-Manila,2025-07-23,Wednesday,09:34,18:00,60,7.43,0,Present,
E0006-20250724,E0006,Employee 6,Finance,HQ-Manila,2025-07-24,Thursday,09:08,18:15,60,8.12,7,Present,
E0006-20250725,E0006,Employee 6,Finance,HQ-Manila,2025-07-25,Friday,08:56,18:00,60,8.07,4,Present,
E0006-20250726,E0006,Employee 6,Finance,HQ-Manila,2025-07-26,Saturday,,,0,0.0,0,Off,
E0006-20250727,E0006,Employee 6,Finance,HQ-Manila,2025-07-27,Sunday,,,0,0.0,0,Off,
E0006-20250728,E0006,Employee 6,Finance,HQ-Manila,2025-07-28,Monday,09:55,18:00,60,7.08,0,Present,
E0006-20250729,E0006,Employee 6,Finance,HQ-Manila,2025-07-29,Tuesday,09:32,18:20,60,7.8,0,Present,
E0006-20250730,E0006,Employee 6,Finance,HQ-Manila,2025-07-30,Wednesday,09:23,18:45,60,8.37,22,Present,
E0006-20250731,E0006,Employee 6,Finance,HQ-Manila,2025-07-31,Thursday,09:19,19:29,60,9.17,70,Present,
E0007-20250701,E0007,Employee 7,Finance,Cebu,2025-07-01,Tuesday,08:58,18:00,60,8.03,1,Present,
E0007-20250702,E0007,Employee 7,Finance,Cebu,2025-07-02,Wednesday,08:52,18:23,60,8.52,31,Present,
E0007-20250703,E0007,Employee 7,Finance,Cebu,2025-07-03,Thursday,09:38,18:00,60,7.37,0,Present,
E0007-20250704,E0007,Employee 7,Finance,Cebu,2025-07-04,Friday,09:57,18:00,60,7.05,0,Present,
E0007-20250705,E0007,Employee 7,Finance,Cebu,2025-07-05,Saturday,,,0,0.0,0,Off,
E0007-20250706,E0007,Employee 7,Finance,Cebu,2025-07-06,Sunday,10:44,18:16,18,7.23,0,Present,Weekend OT
E0007-20250707,E0007,Employee 7,Finance,Cebu,2025-07-07,Monday,08:53,18:05,60,8.2,11,Present,
E0007-20250708,E0007,Employee 7,Finance,Cebu,2025-07-08,Tuesday,09:51,18:41,60,7.83,0,Present,
E0007-20250709,E0007,Employee 7,Finance,Cebu,2025-07-09,Wednesday,08:51,18:24,60,8.55,33,Present,
E0007-20250710,E0007,Employee 7,Finance,Cebu,2025-07-10,Thursday,,,0,0.0,0,On Leave,Paid Leave
E0007-20250711,E0007,Employee 7,Finance,Cebu,2025-07-11,Friday,09:36,18:35,60,7.98,0,Present,
E0007-20250712,E0007,Employee 7,Finance,Cebu,2025-07-12,Saturday,,,0,0.0,0,Off,
E0007-20250713,E0007,Employee 7,Finance,Cebu,2025-07-13,Sunday,,,0,0.0,0,Off,
E0007-20250714,E0007,Employee 7,Finance,Cebu,2025-07-14,Monday,09:46,18:08,60,7.37,0,Present,
E0007-20250715,E0007,Employee 7,Finance,Cebu,2025-07-15,Tuesday,09:03,18:12,60,8.15,9,Present,
E0007-20250716,E0007,Employee 7,Finance,Cebu,2025-07-16,Wednesday,,,0,0.0,0,Absent,No show
E0007-20250717,E0007,Employee 7,Finance,Cebu,2025-07-17,Thursday,,,0,0.0,0,Absent,No show
E0007-20250718,E0007,Employee 7,Finance,Cebu,2025-07-18,Friday,09:58,18:00,60,7.03,0,Present,
E0007-20250719,E0007,Employee 7,Finance,Cebu,2025-07-19,Saturday,11:14,15:54,39,4.02,0,Present,Weekend OT
E0007-20250720,E0007,Employee 7,Finance,Cebu,2025-07-20,Sunday,09:46,18:27,39,8.03,1,Present,Weekend OT
E0007-20250721,E0007,Employee 7,Finance,Cebu,2025-07-21,Monday,,,0,0.0,0,Absent,No show
E0007-20250722,E0007,Employee 7,Finance,Cebu,2025-07-22,Tuesday,09:48,19:00,60,8.2,11,Present,
E0007-20250723,E0007,Employee 7,Finance,Cebu,2025-07-23,Wednesday,08:56,18:02,60,8.1,6,Present,
E0007-20250724,E0007,Employee 7,Finance,Cebu,2025-07-24,Thursday,09:49,18:00,60,7.18,0,Present,
E0007-20250725,E0007,Employee 7,Finance,Cebu,2025-07-25,Friday,08:56,19:11,60,9.25,75,Present,
E0007-20250726,E0007,Employee 7,Finance,Cebu,2025-07-26,Saturday,,,0,0.0,0,Off,
E0007-20250727,E0007,Employee 7,Finance,Cebu,2025-07-27,Sunday,,,0,0.0,0,Off,
E0007-20250728,E0007,Employee 7,Finance,Cebu,2025-07-28,Monday,09:39,18:34,60,7.92,0,Present,
E0007-20250729,E0007,Employee 7,Finance,Cebu,2025-07-29,Tuesday,09:22,18:47,60,8.42,25,Present,
E0007-20250730,E0007,Employee 7,Finance,Cebu,2025-07-30,Wednesday,,,0,0.0,0,On Leave,Paid Leave
E0007-20250731,E0007,Employee 7,Finance,Cebu,2025-07-31,Thursday,09:39,18:00,60,7.35,0,Present,
E0008-20250701,E0008,Employee 8,Sales,Davao,2025-07-01,Tuesday,09:28,18:14,60,7.77,0,Present,
E0008-20250702,E0008,Employee 8,Sales,Davao,2025-07-02,Wednesday,09:44,18:30,60,7.77,0,Present,
E0008-20250703,E0008,Employee 8,Sales,Davao,2025-07-03,Thursday,09:27,18:00,60,7.55,0,Present,
E0008-20250704,E0008,Employee 8,Sales,Davao,2025-07-04,Friday,09:11,18:10,60,7.98,0,Present,
E0008-20250705,E0008,Employee 8,Sales,Davao,2025-07-05,Saturday,09:08,15:38,35,5.92,0,Present,Weekend OT
E0008-20250706,E0008,Employee 8,Sales,Davao,2025-07-06,Sunday,,,0,0.0,0,Off,
E0008-20250707,E0008,Employee 8,Sales,Davao,2025-07-07,Monday,,,0,0.0,0,On Leave,Paid Leave
E0008-20250708,E0008,Employee 8,Sales,Davao,2025-07-08,Tuesday,09:18,18:24,60,8.1,6,Present,
E0008-20250709,E0008,Employee 8,Sales,Davao,2025-07-09,Wednesday,09:33,18:29,60,7.93,0,Present,
E0008-20250710,E0008,Employee 8,Sales,Davao,2025-07-10,Thursday,09:19,18:29,60,8.17,10,Present,
E0008-20250711,E0008,Employee 8,Sales,Davao,2025-07-11,Friday,09:48,18:00,60,7.2,0,Present,
E0008-20250712,E0008,Employee 8,Sales,Davao,2025-07-12,Saturday,,,0,0.0,0,Off,
E0008-20250713,E0008,Employee 8,Sales,Davao,2025-07-13,Sunday,,,0,0.0,0,Off,
E0008-20250714,E0008,Employee 8,Sales,Davao,2025-07-14,Monday,09:05,19:18,60,9.22,73,Present,
E0008-20250715,E0008,Employee 8,Sales,Davao,2025-07-15,Tuesday,08:56,18:30,60,8.57,34,Present,
E0008-20250716,E0008,Employee 8,Sales,Davao,2025-07-16,Wednesday,09:30,18:11,60,7.68,0,Present,
E0008-20250717,E0008,Employee 8,Sales,Davao,2025-07-17,Thursday,09:33,18:09,60,7.6,0,Present,
E0008-20250718,E0008,Employee 8,Sales,Davao,2025-07-18,Friday,09:12,18:00,60,7.8,0,Present,
E0008-20250719,E0008,Employee 8,Sales,Davao,2025-07-19,Saturday,,,0,0.0,0,Off,
E0008-20250720,E0008,Employee 8,Sales,Davao,2025-07-20,Sunday,,,0,0.0,0,Off,
E0008-20250721,E0008,Employee 8,Sales,Davao,2025-07-21,Monday,09:46,18:22,60,7.6,0,Present,
E0008-20250722,E0008,Employee 8,Sales,Davao,2025-07-22,Tuesday,09:41,18:18,60,7.62,0,Present,
E0008-20250723,E0008,Employee 8,Sales,Davao,2025-07-23,Wednesday,09:08,18:32,60,8.4,24,Present,
E0008-20250724,E0008,Employee 8,Sales,Davao,2025-07-24,Thursday,09:45,18:39,60,7.9,0,Present,
E0008-20250725,E0008,Employee 8,Sales,Davao,2025-07-25,Friday,09:47,18:11,60,7.4,0,Present,
E0008-20250726,E0008,Employee 8,Sales,Davao,2025-07-26,Saturday,,,0,0.0,0,Off,
E0008-20250727,E0008,Employee 8,Sales,Davao,2025-07-27,Sunday,,,0,0.0,0,Off,
E0008-20250728,E0008,Employee 8,Sales,Davao,2025-07-28,Monday,08:53,18:00,60,8.12,7,Present,
E0008-20250729,E0008,Employee 8,Sales,Davao,2025-07-29,Tuesday,,,0,0.0,0,Absent,No show
E0008-20250730,E0008,Employee 8,Sales,Davao,2025-07-30,Wednesday,09:39,19:00,60,8.35,21,Present,
E0008-20250731,E0008,Employee 8,Sales,Davao,2025-07-31,Thursday,09:49,18:00,60,7.18,0,Present,
E0009-20250701,E0009,Employee 9,Finance,Cebu,2025-07-01,Tuesday,,,0,0.0,0,On Leave,Paid Leave
E0009-20250702,E0009,Employee 9,Finance,Cebu,2025-07-02,Wednesday,09:25,19:32,60,9.12,67,Present,
E0009-20250703,E0009,Employee 9,Finance,Cebu,2025-07-03,Thursday,09:57,18:03,60,7.1,0,Present,
E0009-20250704,E0009,Employee 9,Finance,Cebu,2025-07-04,Friday,09:00,18:11,60,8.18,10,Present,
E0009-20250705,E0009,Employee 9,Finance,Cebu,2025-07-05,Saturday,,,0,0.0,0,Off,
E0009-20250706,E0009,Employee 9,Finance,Cebu,2025-07-06,Sunday,,,0,0.0,0,Off,
E0009-20250707,E0009,Employee 9,Finance,Cebu,2025-07-07,Monday,09:39,18:30,60,7.85,0,Present,
E0009-20250708,E0009,Employee 9,Finance,Cebu,2025-07-08,Tuesday,09:39,18:46,60,8.12,7,Present,
E0009-20250709,E0009,Employee 9,Finance,Cebu,2025-07-09,Wednesday,09:01,18:00,60,7.98,0,Present,
E0009-20250710,E0009,Employee 9,Finance,Cebu,2025-07-10,Thursday,09:46,18:14,60,7.47,0,Present,
E0009-20250711,E0009,Employee 9,Finance,Cebu,2025-07-11,Friday,09:59,18:06,60,7.12,0,Present,
E0009-20250712,E0009,Employee 9,Finance,Cebu,2025-07-12,Saturday,,,0,0.0,0,Off,
E0009-20250713,E0009,Employee 9,Finance,Cebu,2025-07-13,Sunday,,,0,0.0,0,Off,
E0009-20250714,E0009,Employee 9,Finance,Cebu,2025-07-14,Monday,09:23,18:09,60,7.77,0,Present,
E0009-20250715,E0009,Employee 9,Finance,Cebu,2025-07-15,Tuesday,09:22,18:06,60,7.73,0,Present,
E0009-20250716,E0009,Employee 9,Finance,Cebu,2025-07-16,Wednesday,,,0,0.0,0,Absent,No show
E0009-20250717,E0009,Employee 9,Finance,Cebu,2025-07-17,Thursday,09:03,18:03,60,8.0,0,Present,
E0009-20250718,E0009,Employee 9,Finance,Cebu,2025-07-18,Friday,09:10,18:00,60,7.83,0,Present,
E0009-20250719,E0009,Employee 9,Finance,Cebu,2025-07-19,Saturday,,,0,0.0,0,Off,
E0009-20250720,E0009,Employee 9,Finance,Cebu,2025-07-20,Sunday,,,0,0.0,0,Off,
E0009-20250721,E0009,Employee 9,Finance,Cebu,2025-07-21,Monday,09:49,18:14,60,7.42,0,Present,
E0009-20250722,E0009,Employee 9,Finance,Cebu,2025-07-22,Tuesday,09:34,18:15,60,7.68,0,Present,
E0009-20250723,E0009,Employee 9,Finance,Cebu,2025-07-23,Wednesday,,,0,0.0,0,Absent,No show
E0009-20250724,E0009,Employee 9,Finance,Cebu,2025-07-24,Thursday,09:42,18:39,60,7.95,0,Present,
E0009-20250725,E0009,Employee 9,Finance,Cebu,2025-07-25,Friday,09:27,18:36,60,8.15,9,Present,
E0009-20250726,E0009,Employee 9,Finance,Cebu,2025-07-26,Saturday,,,0,0.0,0,Off,
E0009-20250727,E0009,Employee 9,Finance,Cebu,2025-07-27,Sunday,10:30,17:24,24,6.5,0,Present,Weekend OT
E0009-20250728,E0009,Employee 9,Finance,Cebu,2025-07-28,Monday,09:31,18:00,60,7.48,0,Present,
E0009-20250729,E0009,Employee 9,Finance,Cebu,2025-07-29,Tuesday,09:49,18:00,60,7.18,0,Present,
E0009-20250730,E0009,Employee 9,Finance,Cebu,2025-07-30,Wednesday,09:27,18:30,60,8.05,3,Present,
E0009-20250731,E0009,Employee 9,Finance,Cebu,2025-07-31,Thursday,09:17,18:47,60,8.5,30,Present,
E0010-20250701,E0010,Employee 10,Support,Cebu,2025-07-01,Tuesday,09:02,18:15,60,8.22,13,Present,
E0010-20250702,E0010,Employee 10,Support,Cebu,2025-07-02,Wednesday,09:38,18:25,60,7.78,0,Present,
E0010-20250703,E0010,Employee 10,Support,Cebu,2025-07-03,Thursday,09:21,18:17,60,7.93,0,Present,
E0010-20250704,E0010,Employee 10,Support,Cebu,2025-07-04,Friday,09:01,18:25,60,8.4,24,Present,
E0010-20250705,E0010,Employee 10,Support,Cebu,2025-07-05,Saturday,11:48,19:40,29,7.38,0,Present,Weekend OT
E0010-20250706,E0010,Employee 10,Support,Cebu,2025-07-06,Sunday,,,0,0.0,0,Off,
E0010-20250707,E0010,Employee 10,Support,Cebu,2025-07-07,Monday,09:26,18:00,60,7.57,0,Present,
E0010-20250708,E0010,Employee 10,Support,Cebu,2025-07-08,Tuesday,09:40,18:00,60,7.33,0,Present,
E0010-20250709,E0010,Employee 10,Support,Cebu,2025-07-09,Wednesday,,,0,0.0,0,On Leave,Paid Leave
E0010-20250710,E0010,Employee 10,Support,Cebu,2025-07-10,Thursday,09:46,18:00,60,7.23,0,Present,
E0010-20250711,E0010,Employee 10,Support,Cebu,2025-07-11,Friday,09:20,19:08,60,8.8,48,Present,
E0010-20250712,E0010,Employee 10,Support,Cebu,2025-07-12,Saturday,09:17,18:01,44,8.0,0,Present,Weekend OT
E0010-20250713,E0010,Employee 10,Support,Cebu,2025-07-13,Sunday,,,0,0.0,0,Off,
E0010-20250714,E0010,Employee 10,Support,Cebu,2025-07-14,Monday,,,0,0.0,0,On Leave,Paid Leave
E0010-20250715,E0010,Employee 10,Support,Cebu,2025-07-15,Tuesday,,,0,0.0,0,Absent,No show
E0010-20250716,E0010,Employee 10,Support,Cebu,2025-07-16,Wednesday,09:42,18:04,60,7.37,0,Present,
E0010-20250717,E0010,Employee 10,Support,Cebu,2025-07-17,Thursday,09:50,18:00,60,7.17,0,Present,
E0010-20250718,E0010,Employee 10,Support,Cebu,2025-07-18,Friday,09:22,18:02,60,7.67,0,Present,
E0010-20250719,E0010,Employee 10,Support,Cebu,2025-07-19,Saturday,,,0,0.0,0,Off,
E0010-20250720,E0010,Employee 10,Support,Cebu,2025-07-20,Sunday,,,0,0.0,0,Off,
E0010-20250721,E0010,Employee 10,Support,Cebu,2025-07-21,Monday,09:08,18:42,60,8.57,34,Present,
E0010-20250722,E0010,Employee 10,Support,Cebu,2025-07-22,Tuesday,,,0,0.0,0,Absent,No show
E0010-20250723,E0010,Employee 10,Support,Cebu,2025-07-23,Wednesday,09:54,18:36,60,7.7,0,Present,
E0010-20250724,E0010,Employee 10,Support,Cebu,2025-07-24,Thursday,,,0,0.0,0,On Leave,Paid Leave
E0010-20250725,E0010,Employee 10,Support,Cebu,2025-07-25,Friday,09:43,18:33,60,7.83,0,Present,
E0010-20250726,E0010,Employee 10,Support,Cebu,2025-07-26,Saturday,11:44,19:07,39,6.73,0,Present,Weekend OT
E0010-20250727,E0010,Employee 10,Support,Cebu,2025-07-27,Sunday,,,0,0.0,0,Off,
E0010-20250728,E0010,Employee 10,Support,Cebu,2025-07-28,Monday,08:57,18:06,60,8.15,9,Present,
E0010-20250729,E0010,Employee 10,Support,Cebu,2025-07-29,Tuesday,,,0,0.0,0,Absent,No show
E0010-20250730,E0010,Employee 10,Support,Cebu,2025-07-30,Wednesday,09:33,18:01,60,7.47,0,Present,
E0010-20250731,E0010,Employee 10,Support,Cebu,2025-07-31,Thursday,,,0,0.0,0,Absent,No show
E0011-20250701,E0011,Employee 11,Finance,Davao,2025-07-01,Tuesday,09:38,19:00,60,8.37,22,Present,
E0011-20250702,E0011,Employee 11,Finance,Davao,2025-07-02,Wednesday,09:52,18:00,60,7.13,0,Present,
E0011-20250703,E0011,Employee 11,Finance,Davao,2025-07-03,Thursday,09:44,18:07,60,7.38,0,Present,
E0011-20250704,E0011,Employee 11,Finance,Davao,2025-07-04,Friday,09:49,18:10,60,7.35,0,Present,
E0011-20250705,E0011,Employee 11,Finance,Davao,2025-07-05,Saturday,,,0,0.0,0,Off,
E0011-20250706,E0011,Employee 11,Finance,Davao,2025-07-06,Sunday,11:11,18:16,35,6.5,0,Present,Weekend OT
E0011-20250707,E0011,Employee 11,Finance,Davao,2025-07-07,Monday,09:13,18:40,60,8.45,26,Present,
E0011-20250708,E0011,Employee 11,Finance,Davao,2025-07-08,Tuesday,09:34,18:09,60,7.58,0,Present,
E0011-20250709,E0011,Employee 11,Finance,Davao,2025-07-09,Wednesday,09:10,18:38,60,8.47,28,Present,
E0011-20250710,E0011,Employee 11,Finance,Davao,2025-07-10,Thursday,09:49,18:00,60,7.18,0,Present,
E0011-20250711,E0011,Employee 11,Finance,Davao,2025-07-11,Friday,09:39,18:08,60,7.48,0,Present,
E0011-20250712,E0011,Employee 11,Finance,Davao,2025-07-12,Saturday,,,0,0.0,0,Off,
E0011-20250713,E0011,Employee 11,Finance,Davao,2025-07-13,Sunday,,,0,0.0,0,Off,
E0011-20250714,E0011,Employee 11,Finance,Davao,2025-07-14,Monday,08:55,18:37,60,8.7,42,Present,
E0011-20250715,E0011,Employee 11,Finance,Davao,2025-07-15,Tuesday,,,0,0.0,0,Absent,No show
E0011-20250716,E0011,Employee 11,Finance,Davao,2025-07-16,Wednesday,08:54,18:25,60,8.52,31,Present,
E0011-20250717,E0011,Employee 11,Finance,Davao,2025-07-17,Thursday,09:21,18:00,60,7.65,0,Present,
E0011-20250718,E0011,Employee 11,Finance,Davao,2025-07-18,Friday,09:19,18:00,60,7.68,0,Present,
E0011-20250719,E0011,Employee 11,Finance,Davao,2025-07-19,Saturday,,,0,0.0,0,Off,
E0011-20250720,E0011,Employee 11,Finance,Davao,2025-07-20,Sunday,10:14,16:33,41,5.63,0,Present,Weekend OT
E0011-20250721,E0011,Employee 11,Finance,Davao,2025-07-21,Monday,09:53,18:00,60,7.12,0,Present,
E0011-20250722,E0011,Employee 11,Finance,Davao,2025-07-22,Tuesday,09:33,18:00,60,7.45,0,Present,
E0011-20250723,E0011,Employee 11,Finance,Davao,2025-07-23,Wednesday,09:35,18:45,60,8.17,10,Present,
E0011-20250724,E0011,Employee 11,Finance,Davao,2025-07-24,Thursday,09:14,18:31,60,8.28,16,Present,
E0011-20250725,E0011,Employee 11,Finance,Davao,2025-07-25,Friday,09:51,18:31,60,7.67,0,Present,
E0011-20250726,E0011,Employee 11,Finance,Davao,2025-07-26,Saturday,,,0,0.0,0,Off,
E0011-20250727,E0011,Employee 11,Finance,Davao,2025-07-27,Sunday,,,0,0.0,0,Off,
E0011-20250728,E0011,Employee 11,Finance,Davao,2025-07-28,Monday,09:56,18:04,60,7.13,0,Present,
E0011-20250729,E0011,Employee 11,Finance,Davao,2025-07-29,Tuesday,09:59,18:04,60,7.08,0,Present,
E0011-20250730,E0011,Employee 11,Finance,Davao,2025-07-30,Wednesday,09:22,18:43,60,8.35,21,Present,
E0011-20250731,E0011,Employee 11,Finance,Davao,2025-07-31,Thursday,,,0,0.0,0,On Leave,Paid Leave
E0012-20250701,E0012,Employee 12,Sales,Remote,2025-07-01,Tuesday,09:02,18:07,60,8.08,4,Present,
E0012-20250702,E0012,Employee 12,Sales,Remote,2025-07-02,Wednesday,09:55,18:48,60,7.88,0,Present,
E0012-20250703,E0012,Employee 12,Sales,Remote,2025-07-03,Thursday,09:20,18:00,60,7.67,0,Present,
E0012-20250704,E0012,Employee 12,Sales,Remote,2025-07-04,Friday,,,0,0.0,0,Absent,No show
E0012-20250705,E0012,Employee 12,Sales,Remote,2025-07-05,Saturday,,,0,0.0,0,Off,
E0012-20250706,E0012,Employee 12,Sales,Remote,2025-07-06,Sunday,,,0,0.0,0,Off,
E0012-20250707,E0012,Employee 12,Sales,Remote,2025-07-07,Monday,09:08,18:53,60,8.75,45,Present,
E0012-20250708,E0012,Employee 12,Sales,Remote,2025-07-08,Tuesday,,,0,0.0,0,Absent,No show
E0012-20250709,E0012,Employee 12,Sales,Remote,2025-07-09,Wednesday,,,0,0.0,0,On Leave,Paid Leave
E0012-20250710,E0012,Employee 12,Sales,Remote,2025-07-10,Thursday,09:26,18:51,60,8.42,25,Present,
E0012-20250711,E0012,Employee 12,Sales,Remote,2025-07-11,Friday,09:21,18:36,60,8.25,15,Present,
E0012-20250712,E0012,Employee 12,Sales,Remote,2025-07-12,Saturday,,,0,0.0,0,Off,
E0012-20250713,E0012,Employee 12,Sales,Remote,2025-07-13,Sunday,,,0,0.0,0,Off,
E0012-20250714,E0012,Employee 12,Sales,Remote,2025-07-14,Monday,,,0,0.0,0,Absent,No show
E0012-20250715,E0012,Employee 12,Sales,Remote,2025-07-15,Tuesday,,,0,0.0,0,On Leave,Paid Leave
E0012-20250716,E0012,Employee 12,Sales,Remote,2025-07-16,Wednesday,09:04,18:19,60,8.25,15,Present,
E0012-20250717,E0012,Employee 12,Sales,Remote,2025-07-17,Thursday,09:09,18:00,60,7.85,0,Present,
E0012-20250718,E0012,Employee 12,Sales,Remote,2025-07-18,Friday,09:24,18:09,60,7.75,0,Present,
E0012-20250719,E0012,Employee 12,Sales,Remote,2025-07-19,Saturday,10:15,15:34,32,4.78,0,Present,Weekend OT
E0012-20250720,E0012,Employee 12,Sales,Remote,2025-07-20,Sunday,,,0,0.0,0,Off,
E0012-20250721,E0012,Employee 12,Sales,Remote,2025-07-21,Monday,09:06,19:03,60,8.95,57,Present,
E0012-20250722,E0012,Employee 12,Sales,Remote,2025-07-22,Tuesday,09:07,18:00,60,7.88,0,Present,
E0012-20250723,E0012,Employee 12,Sales,Remote,2025-07-23,Wednesday,09:55,18:33,60,7.63,0,Present,
E0012-20250724,E0012,Employee 12,Sales,Remote,2025-07-24,Thursday,09:32,18:14,60,7.7,0,Present,
E0012-20250725,E0012,Employee 12,Sales,Remote,2025-07-25,Friday,08:53,18:24,60,8.52,31,Present,
E0012-20250726,E0012,Employee 12,Sales,Remote,2025-07-26,Saturday,,,0,0.0,0,Off,
E0012-20250727,E0012,Employee 12,Sales,Remote,2025-07-27,Sunday,,,0,0.0,0,Off,
E0012-20250728,E0012,Employee 12,Sales,Remote,2025-07-28,Monday,,,0,0.0,0,On Leave,Paid Leave
E0012-20250729,E0012,Employee 12,Sales,Remote,2025-07-29,Tuesday,09:23,18:55,60,8.53,31,Present,
E0012-20250730,E0012,Employee 12,Sales,Remote,2025-07-30,Wednesday,09:06,18:00,60,7.9,0,Present,
E0012-20250731,E0012,Employee 12,Sales,Remote,2025-07-31,Thursday,,,0,0.0,0,Absent,No show
E0013-20250701,E0013,Employee 13,Engineering,Remote,2025-07-01,Tuesday,09:27,18:35,60,8.13,7,Present,
E0013-20250702,E0013,Employee 13,Engineering,Remote,2025-07-02,Wednesday,09:33,18:00,60,7.45,0,Present,
E0013-20250703,E0013,Employee 13,Engineering,Remote,2025-07-03,Thursday,09:07,18:00,60,7.88,0,Present,
E0013-20250704,E0013,Employee 13,Engineering,Remote,2025-07-04,Friday,09:54,19:13,60,8.32,19,Present,
E0013-20250705,E0013,Employee 13,Engineering,Remote,2025-07-05,Saturday,,,0,0.0,0,Off,
E0013-20250706,E0013,Employee 13,Engineering,Remote,2025-07-06,Sunday,09:19,16:06,18,6.48,0,Present,Weekend OT
E0013-20250707,E0013,Employee 13,Engineering,Remote,2025-07-07,Monday,09:32,18:39,60,8.12,7,Present,
E0013-20250708,E0013,Employee 13,Engineering,Remote,2025-07-08,Tuesday,09:47,18:30,60,7.72,0,Present,
E0013-20250709,E0013,Employee 13,Engineering,Remote,2025-07-09,Wednesday,08:55,18:22,60,8.45,26,Present,
E0013-20250710,E0013,Employee 13,Engineering,Remote,2025-07-10,Thursday,09:36,19:10,60,8.57,34,Present,
E0013-20250711,E0013,Employee 13,Engineering,Remote,2025-07-11,Friday,09:40,19:00,60,8.33,19,Present,
E0013-20250712,E0013,Employee 13,Engineering,Remote,2025-07-12,Saturday,09:35,14:42,38,4.48,0,Present,Weekend OT
E0013-20250713,E0013,Employee 13,Engineering,Remote,2025-07-13,Sunday,,,0,0.0,0,Off,
E0013-20250714,E0013,Employee 13,Engineering,Remote,2025-07-14,Monday,09:00,18:21,60,8.35,21,Present,
E0013-20250715,E0013,Employee 13,Engineering,Remote,2025-07-15,Tuesday,09:08,18:17,60,8.15,9,Present,
E0013-20250716,E0013,Employee 13,Engineering,Remote,2025-07-16,Wednesday,08:50,18:46,60,8.93,55,Present,
E0013-20250717,E0013,Employee 13,Engineering,Remote,2025-07-17,Thursday,,,0,0.0,0,On Leave,Paid Leave
E0013-20250718,E0013,Employee 13,Engineering,Remote,2025-07-18,Friday,08:56,18:13,60,8.28,16,Present,
E0013-20250719,E0013,Employee 13,Engineering,Remote,2025-07-19,Saturday,,,0,0.0,0,Off,
E0013-20250720,E0013,Employee 13,Engineering,Remote,2025-07-20,Sunday,,,0,0.0,0,Off,
E0013-20250721,E0013,Employee 13,Engineering,Remote,2025-07-21,Monday,,,0,0.0,0,Absent,No show
E0013-20250722,E0013,Employee 13,Engineering,Remote,2025-07-22,Tuesday,09:51,18:35,60,7.73,0,Present,
E0013-20250723,E0013,Employee 13,Engineering,Remote,2025-07-23,Wednesday,09:58,18:16,60,7.3,0,Present,
E0013-20250724,E0013,Employee 13,Engineering,Remote,2025-07-24,Thursday,09:48,18:51,60,8.05,3,Present,
E0013-20250725,E0013,Employee 13,Engineering,Remote,2025-07-25,Friday,09:48,18:00,60,7.2,0,Present,
E0013-20250726,E0013,Employee 13,Engineering,Remote,2025-07-26,Saturday,,,0,0.0,0,Off,
E0013-20250727,E0013,Employee 13,Engineering,Remote,2025-07-27,Sunday,,,0,0.0,0,Off,
E0013-20250728,E0013,Employee 13,Engineering,Remote,2025-07-28,Monday,09:07,18:58,60,8.85,51,Present,
E0013-20250729,E0013,Employee 13,Engineering,Remote,2025-07-29,Tuesday,09:08,18:00,60,7.87,0,Present,
E0013-20250730,E0013,Employee 13,Engineering,Remote,2025-07-30,Wednesday,09:43,18:26,60,7.72,0,Present,
E0013-20250731,E0013,Employee 13,Engineering,Remote,2025-07-31,Thursday,,,0,0.0,0,Absent,No show
E0014-20250701,E0014,Employee 14,Support,Remote,2025-07-01,Tuesday,09:15,18:04,60,7.82,0,Present,
E0014-20250702,E0014,Employee 14,Support,Remote,2025-07-02,Wednesday,,,0,0.0,0,On Leave,Paid Leave
E0014-20250703,E0014,Employee 14,Support,Remote,2025-07-03,Thursday,09:26,18:07,60,7.68,0,Present,
E0014-20250704,E0014,Employee 14,Support,Remote,2025-07-04,Friday,09:22,18:00,60,7.63,0,Present,
E0014-20250705,E0014,Employee 14,Support,Remote,2025-07-05,Saturday,,,0,0.0,0,Off,
E0014-20250706,E0014,Employee 14,Support,Remote,2025-07-06,Sunday,,,0,0.0,0,Off,
E0014-20250707,E0014,Employee 14,Support,Remote,2025-07-07,Monday,09:00,18:29,60,8.48,28,Present,
E0014-20250708,E0014,Employee 14,Support,Remote,2025-07-08,Tuesday,09:13,18:00,60,7.78,0,Present,
E0014-20250709,E0014,Employee 14,Support,Remote,2025-07-09,Wednesday,09:22,18:20,60,7.97,0,Present,
E0014-20250710,E0014,Employee 14,Support,Remote,2025-07-10,Thursday,08:56,18:00,60,8.07,4,Present,
E0014-20250711,E0014,Employee 14,Support,Remote,2025-07-11,Friday,09:41,19:06,60,8.42,25,Present,
E0014-20250712,E0014,Employee 14,Support,Remote,2025-07-12,Saturday,,,0,0.0,0,Off,
E0014-20250713,E0014,Employee 14,Support,Remote,2025-07-13,Sunday,11:51,20:38,30,8.28,16,Present,Weekend OT
E0014-20250714,E0014,Employee 14,Support,Remote,2025-07-14,Monday,08:56,19:15,60,9.32,79,Present,
E0014-20250715,E0014,Employee 14,Support,Remote,2025-07-15,Tuesday,,,0,0.0,0,Absent,No show
E0014-20250716,E0014,Employee 14,Support,Remote,2025-07-16,Wednesday,09:59,19:12,60,8.22,13,Present,
E0014-20250717,E0014,Employee 14,Support,Remote,2025-07-17,Thursday,09:16,18:23,60,8.12,7,Present,
E0014-20250718,E0014,Employee 14,Support,Remote,2025-07-18,Friday,09:14,18:45,60,8.52,31,Present,
E0014-20250719,E0014,Employee 14,Support,Remote,2025-07-19,Saturday,,,0,0.0,0,Off,
E0014-20250720,E0014,Employee 14,Support,Remote,2025-07-20,Sunday,,,0,0.0,0,Off,
E0014-20250721,E0014,Employee 14,Support,Remote,2025-07-21,Monday,09:32,18:05,60,7.55,0,Present,
E0014-20250722,E0014,Employee 14,Support,Remote,2025-07-22,Tuesday,09:13,18:28,60,8.25,15,Present,
E0014-20250723,E0014,Employee 14,Support,Remote,2025-07-23,Wednesday,09:16,18:30,60,8.23,13,Present,
E0014-20250724,E0014,Employee 14,Support,Remote,2025-07-24,Thursday,08:53,18:39,60,8.77,46,Present,
E0014-20250725,E0014,Employee 14,Support,Remote,2025-07-25,Friday,09:13,18:00,60,7.78,0,Present,
E0014-20250726,E0014,Employee 14,Support,Remote,2025-07-26,Saturday,,,0,0.0,0,Off,
E0014-20250727,E0014,Employee 14,Support,Remote,2025-07-27,Sunday,10:16,16:28,44,5.47,0,Present,Weekend OT
E0014-20250728,E0014,Employee 14,Support,Remote,2025-07-28,Monday,09:03,18:02,60,7.98,0,Present,
E0014-20250729,E0014,Employee 14,Support,Remote,2025-07-29,Tuesday,08:58,18:00,60,8.03,1,Present,
E0014-20250730,E0014,Employee 14,Support,Remote,2025-07-30,Wednesday,08:53,18:21,60,8.47,28,Present,
E0014-20250731,E0014,Employee 14,Support,Remote,2025-07-31,Thursday,09:51,18:19,60,7.47,0,Present,
E0015-20250701,E0015,Employee 15,Finance,HQ-Manila,2025-07-01,Tuesday,08:57,18:16,60,8.32,19,Present,
E0015-20250702,E0015,Employee 15,Finance,HQ-Manila,2025-07-02,Wednesday,09:44,18:48,60,8.07,4,Present,
E0015-20250703,E0015,Employee 15,Finance,HQ-Manila,2025-07-03,Thursday,09:53,18:00,60,7.12,0,Present,
E0015-20250704,E0015,Employee 15,Finance,HQ-Manila,2025-07-04,Friday,,,0,0.0,0,Absent,No show
E0015-20250705,E0015,Employee 15,Finance,HQ-Manila,2025-07-05,Saturday,,,0,0.0,0,Off,
E0015-20250706,E0015,Employee 15,Finance,HQ-Manila,2025-07-06,Sunday,,,0,0.0,0,Off,
E0015-20250707,E0015,Employee 15,Finance,HQ-Manila,2025-07-07,Monday,09:19,18:00,60,7.68,0,Present,
E0015-20250708,E0015,Employee 15,Finance,HQ-Manila,2025-07-08,Tuesday,08:56,18:03,60,8.12,7,Present,
E0015-20250709,E0015,Employee 15,Finance,HQ-Manila,2025-07-09,Wednesday,08:55,18:10,60,8.25,15,Present,
E0015-20250710,E0015,Employee 15,Finance,HQ-Manila,2025-07-10,Thursday,09:07,18:00,60,7.88,0,Present,
E0015-20250711,E0015,Employee 15,Finance,HQ-Manila,2025-07-11,Friday,09:41,18:00,60,7.32,0,Present,
E0015-20250712,E0015,Employee 15,Finance,HQ-Manila,2025-07-12,Saturday,,,0,0.0,0,Off,
E0015-20250713,E0015,Employee 15,Finance,HQ-Manila,2025-07-13,Sunday,,,0,0.0,0,Off,
E0015-20250714,E0015,Employee 15,Finance,HQ-Manila,2025-07-14,Monday,09:10,19:07,60,8.95,57,Present,
E0015-20250715,E0015,Employee 15,Finance,HQ-Manila,2025-07-15,Tuesday,09:18,18:13,60,7.92,0,Present,
E0015-20250716,E0015,Employee 15,Finance,HQ-Manila,2025-07-16,Wednesday,,,0,0.0,0,On Leave,Paid Leave
E0015-20250717,E0015,Employee 15,Finance,HQ-Manila,2025-07-17,Thursday,08:58,18:00,60,8.03,1,Present,
E0015-20250718,E0015,Employee 15,Finance,HQ-Manila,2025-07-18,Friday,09:35,18:36,60,8.02,1,Present,
E0015-20250719,E0015,Employee 15,Finance,HQ-Manila,2025-07-19,Saturday,,,0,0.0,0,Off,
E0015-20250720,E0015,Employee 15,Finance,HQ-Manila,2025-07-20,Sunday,,,0,0.0,0,Off,
E0015-20250721,E0015,Employee 15,Finance,HQ-Manila,2025-07-21,Monday,09:18,19:03,60,8.75,45,Present,
E0015-20250722,E0015,Employee 15,Finance,HQ-Manila,2025-07-22,Tuesday,09:40,18:00,60,7.33,0,Present,
E0015-20250723,E0015,Employee 15,Finance,HQ-Manila,2025-07-23,Wednesday,09:07,18:00,60,7.88,0,Present,
E0015-20250724,E0015,Employee 15,Finance,HQ-Manila,2025-07-24,Thursday,08:50,18:15,60,8.42,25,Present,
E0015-20250725,E0015,Employee 15,Finance,HQ-Manila,2025-07-25,Friday,09:44,18:14,60,7.5,0,Present,
E0015-20250726,E0015,Employee 15,Finance,HQ-Manila,2025-07-26,Saturday,,,0,0.0,0,Off,
E0015-20250727,E0015,Employee 15,Finance,HQ-Manila,2025-07-27,Sunday,,,0,0.0,0,Off,
E0015-20250728,E0015,Employee 15,Finance,HQ-Manila,2025-07-28,Monday,09:15,18:33,60,8.3,18,Present,
E0015-20250729,E0015,Employee 15,Finance,HQ-Manila,2025-07-29,Tuesday,08:58,19:09,60,9.18,70,Present,
E0015-20250730,E0015,Employee 15,Finance,HQ-Manila,2025-07-30,Wednesday,09:16,18:00,60,7.73,0,Present,
E0015-20250731,E0015,Employee 15,Finance,HQ-Manila,2025-07-31,Thursday,09:28,18:48,60,8.33,19,Present,
E0016-20250701,E0016,Employee 16,Finance,Cebu,2025-07-01,Tuesday,,,0,0.0,0,On Leave,Paid Leave
E0016-20250702,E0016,Employee 16,Finance,Cebu,2025-07-02,Wednesday,08:50,18:34,60,8.73,43,Present,
E0016-20250703,E0016,Employee 16,Finance,Cebu,2025-07-03,Thursday,09:12,18:28,60,8.27,16,Present,
E0016-20250704,E0016,Employee 16,Finance,Cebu,2025-07-04,Friday,09:36,18:00,60,7.4,0,Present,
E0016-20250705,E0016,Employee 16,Finance,Cebu,2025-07-05,Saturday,09:49,17:11,29,6.88,0,Present,Weekend OT
E0016-20250706,E0016,Employee 16,Finance,Cebu,2025-07-06,Sunday,,,0,0.0,0,Off,
E0016-20250707,E0016,Employee 16,Finance,Cebu,2025-07-07,Monday,09:37,18:00,60,7.38,0,Present,
E0016-20250708,E0016,Employee 16,Finance,Cebu,2025-07-08,Tuesday,09:13,18:05,60,7.87,0,Present,
E0016-20250709,E0016,Employee 16,Finance,Cebu,2025-07-09,Wednesday,08:53,18:32,60,8.65,39,Present,
E0016-20250710,E0016,Employee 16,Finance,Cebu,2025-07-10,Thursday,09:42,18:23,60,7.68,0,Present,
E0016-20250711,E0016,Employee 16,Finance,Cebu,2025-07-11,Friday,09:10,18:18,60,8.13,7,Present,
E0016-20250712,E0016,Employee 16,Finance,Cebu,2025-07-12,Saturday,10:16,16:08,16,5.6,0,Present,Weekend OT
E0016-20250713,E0016,Employee 16,Finance,Cebu,2025-07-13,Sunday,,,0,0.0,0,Off,
E0016-20250714,E0016,Employee 16,Finance,Cebu,2025-07-14,Monday,,,0,0.0,0,On Leave,Paid Leave
E0016-20250715,E0016,Employee 16,Finance,Cebu,2025-07-15,Tuesday,09:45,18:26,60,7.68,0,Present,
E0016-20250716,E0016,Employee 16,Finance,Cebu,2025-07-16,Wednesday,09:34,18:00,60,7.43,0,Present,
E0016-20250717,E0016,Employee 16,Finance,Cebu,2025-07-17,Thursday,09:40,18:07,60,7.45,0,Present,
E0016-20250718,E0016,Employee 16,Finance,Cebu,2025-07-18,Friday,09:22,18:33,60,8.18,10,Present,
E0016-20250719,E0016,Employee 16,Finance,Cebu,2025-07-19,Saturday,10:20,16:30,17,5.88,0,Present,Weekend OT
E0016-20250720,E0016,Employee 16,Finance,Cebu,2025-07-20,Sunday,11:35,16:34,28,4.52,0,Present,Weekend OT
E0016-20250721,E0016,Employee 16,Finance,Cebu,2025-07-21,Monday,09:42,18:38,60,7.93,0,Present,
E0016-20250722,E0016,Employee 16,Finance,Cebu,2025-07-22,Tuesday,09:42,18:05,60,7.38,0,Present,
E0016-20250723,E0016,Employee 16,Finance,Cebu,2025-07-23,Wednesday,09:15,19:13,60,8.97,58,Present,
E0016-20250724,E0016,Employee 16,Finance,Cebu,2025-07-24,Thursday,09:56,18:16,60,7.33,0,Present,
E0016-20250725,E0016,Employee 16,Finance,Cebu,2025-07-25,Friday,09:00,18:23,60,8.38,22,Present,
E0016-20250726,E0016,Employee 16,Finance,Cebu,2025-07-26,Saturday,11:19,17:30,34,5.62,0,Present,Weekend OT
E0016-20250727,E0016,Employee 16,Finance,Cebu,2025-07-27,Sunday,,,0,0.0,0,Off,
E0016-20250728,E0016,Employee 16,Finance,Cebu,2025-07-28,Monday,09:22,18:20,60,7.97,0,Present,
E0016-20250729,E0016,Employee 16,Finance,Cebu,2025-07-29,Tuesday,,,0,0.0,0,On Leave,Paid Leave
E0016-20250730,E0016,Employee 16,Finance,Cebu,2025-07-30,Wednesday,09:20,18:08,60,7.8,0,Present,
E0016-20250731,E0016,Employee 16,Finance,Cebu,2025-07-31,Thursday,09:11,18:00,60,7.82,0,Present,
E0017-20250701,E0017,Employee 17,HR,Cebu,2025-07-01,Tuesday,08:51,18:04,60,8.22,13,Present,
E0017-20250702,E0017,Employee 17,HR,Cebu,2025-07-02,Wednesday,09:42,18:00,60,7.3,0,Present,
E0017-20250703,E0017,Employee 17,HR,Cebu,2025-07-03,Thursday,,,0,0.0,0,On Leave,Paid Leave
E0017-20250704,E0017,Employee 17,HR,Cebu,2025-07-04,Friday,09:07,18:09,60,8.03,1,Present,
E0017-20250705,E0017,Employee 17,HR,Cebu,2025-07-05,Saturday,,,0,0.0,0,Off,
E0017-20250706,E0017,Employee 17,HR,Cebu,2025-07-06,Sunday,,,0,0.0,0,Off,
E0017-20250707,E0017,Employee 17,HR,Cebu,2025-07-07,Monday,09:41,18:38,60,7.95,0,Present,
E0017-20250708,E0017,Employee 17,HR,Cebu,2025-07-08,Tuesday,09:04,18:09,60,8.08,4,Present,
E0017-20250709,E0017,Employee 17,HR,Cebu,2025-07-09,Wednesday,09:42,18:19,60,7.62,0,Present,
E0017-20250710,E0017,Employee 17,HR,Cebu,2025-07-10,Thursday,09:07,18:55,60,8.8,48,Present,
E0017-20250711,E0017,Employee 17,HR,Cebu,2025-07-11,Friday,09:20,18:34,60,8.23,13,Present,
E0017-20250712,E0017,Employee 17,HR,Cebu,2025-07-12,Saturday,,,0,0.0,0,Off,
E0017-20250713,E0017,Employee 17,HR,Cebu,2025-07-13,Sunday,11:57,19:18,28,6.88,0,Present,Weekend OT
E0017-20250714,E0017,Employee 17,HR,Cebu,2025-07-14,Monday,09:49,18:00,60,7.18,0,Present,
E0017-20250715,E0017,Employee 17,HR,Cebu,2025-07-15,Tuesday,09:49,18:40,60,7.85,0,Present,
E0017-20250716,E0017,Employee 17,HR,Cebu,2025-07-16,Wednesday,09:46,18:00,60,7.23,0,Present,
E0017-20250717,E0017,Employee 17,HR,Cebu,2025-07-17,Thursday,09:13,18:36,60,8.38,22,Present,
E0017-20250718,E0017,Employee 17,HR,Cebu,2025-07-18,Friday,09:55,18:00,60,7.08,0,Present,
E0017-20250719,E0017,Employee 17,HR,Cebu,2025-07-19,Saturday,,,0,0.0,0,Off,
E0017-20250720,E0017,Employee 17,HR,Cebu,2025-07-20,Sunday,,,0,0.0,0,Off,
E0017-20250721,E0017,Employee 17,HR,Cebu,2025-07-21,Monday,09:58,18:00,60,7.03,0,Present,
E0017-20250722,E0017,Employee 17,HR,Cebu,2025-07-22,Tuesday,09:32,18:32,60,8.0,0,Present,
E0017-20250723,E0017,Employee 17,HR,Cebu,2025-07-23,Wednesday,09:35,18:33,60,7.97,0,Present,
E0017-20250724,E0017,Employee 17,HR,Cebu,2025-07-24,Thursday,09:10,18:06,60,7.93,0,Present,
E0017-20250725,E0017,Employee 17,HR,Cebu,2025-07-25,Friday,09:05,18:00,60,7.92,0,Present,
E0017-20250726,E0017,Employee 17,HR,Cebu,2025-07-26,Saturday,,,0,0.0,0,Off,
E0017-20250727,E0017,Employee 17,HR,Cebu,2025-07-27,Sunday,,,0,0.0,0,Off,
E0017-20250728,E0017,Employee 17,HR,Cebu,2025-07-28,Monday,08:59,18:17,60,8.3,18,Present,
E0017-20250729,E0017,Employee 17,HR,Cebu,2025-07-29,Tuesday,09:48,18:00,60,7.2,0,Present,
E0017-20250730,E0017,Employee 17,HR,Cebu,2025-07-30,Wednesday,09:21,18:00,60,7.65,0,Present,
E0017-20250731,E0017,Employee 17,HR,Cebu,2025-07-31,Thursday,09:59,18:59,60,8.0,0,Present,
E0018-20250701,E0018,Employee 18,Finance,Remote,2025-07-01,Tuesday,09:51,19:03,60,8.2,11,Present,
E0018-20250702,E0018,Employee 18,Finance,Remote,2025-07-02,Wednesday,,,0,0.0,0,Absent,No show
E0018-20250703,E0018,Employee 18,Finance,Remote,2025-07-03,Thursday,09:55,18:32,60,7.62,0,Present,
E0018-20250704,E0018,Employee 18,Finance,Remote,2025-07-04,Friday,09:23,18:07,60,7.73,0,Present,
E0018-20250705,E0018,Employee 18,Finance,Remote,2025-07-05,Saturday,,,0,0.0,0,Off,
E0018-20250706,E0018,Employee 18,Finance,Remote,2025-07-06,Sunday,11:34,15:43,27,3.7,0,Present,Weekend OT
E0018-20250707,E0018,Employee 18,Finance,Remote,2025-07-07,Monday,09:07,18:43,60,8.6,36,Present,
E0018-20250708,E0018,Employee 18,Finance,Remote,2025-07-08,Tuesday,09:25,18:00,60,7.58,0,Present,
E0018-20250709,E0018,Employee 18,Finance,Remote,2025-07-09,Wednesday,08:52,19:07,60,9.25,75,Present,
E0018-20250710,E0018,Employee 18,Finance,Remote,2025-07-10,Thursday,09:26,18:49,60,8.38,22,Present,
E0018-20250711,E0018,Employee 18,Finance,Remote,2025-07-11,Friday,09:10,18:38,60,8.47,28,Present,
E0018-20250712,E0018,Employee 18,Finance,Remote,2025-07-12,Saturday,,,0,0.0,0,Off,
E0018-20250713,E0018,Employee 18,Finance,Remote,2025-07-13,Sunday,,,0,0.0,0,Off,
E0018-20250714,E0018,Employee 18,Finance,Remote,2025-07-14,Monday,09:22,18:41,60,8.32,19,Present,
E0018-20250715,E0018,Employee 18,Finance,Remote,2025-07-15,Tuesday,09:53,18:59,60,8.1,6,Present,
E0018-20250716,E0018,Employee 18,Finance,Remote,2025-07-16,Wednesday,09:47,19:04,60,8.28,16,Present,
E0018-20250717,E0018,Employee 18,Finance,Remote,2025-07-17,Thursday,09:01,18:12,60,8.18,10,Present,
E0018-20250718,E0018,Employee 18,Finance,Remote,2025-07-18,Friday,09:24,18:22,60,7.97,0,Present,
E0018-20250719,E0018,Employee 18,Finance,Remote,2025-07-19,Saturday,,,0,0.0,0,Off,
E0018-20250720,E0018,Employee 18,Finance,Remote,2025-07-20,Sunday,,,0,0.0,0,Off,
E0018-20250721,E0018,Employee 18,Finance,Remote,2025-07-21,Monday,09:09,18:33,60,8.4,24,Present,
E0018-20250722,E0018,Employee 18,Finance,Remote,2025-07-22,Tuesday,,,0,0.0,0,Absent,No show
E0018-20250723,E0018,Employee 18,Finance,Remote,2025-07-23,Wednesday,08:54,18:12,60,8.3,18,Present,
E0018-20250724,E0018,Employee 18,Finance,Remote,2025-07-24,Thursday,,,0,0.0,0,Absent,No show
E0018-20250725,E0018,Employee 18,Finance,Remote,2025-07-25,Friday,09:42,18:17,60,7.58,0,Present,
E0018-20250726,E0018,Employee 18,Finance,Remote,2025-07-26,Saturday,,,0,0.0,0,Off,
E0018-20250727,E0018,Employee 18,Finance,Remote,2025-07-27,Sunday,11:16,19:49,31,8.03,1,Present,Weekend OT
E0018-20250728,E0018,Employee 18,Finance,Remote,2025-07-28,Monday,08:53,18:15,60,8.37,22,Present,
E0018-20250729,E0018,Employee 18,Finance,Remote,2025-07-29,Tuesday,08:56,18:21,60,8.42,25,Present,
E0018-20250730,E0018,Employee 18,Finance,Remote,2025-07-30,Wednesday,09:04,18:20,60,8.27,16,Present,
E0018-20250731,E0018,Employee 18,Finance,Remote,2025-07-31,Thursday,09:25,18:00,60,7.58,0,Present,
E0019-20250701,E0019,Employee 19,Sales,Davao,2025-07-01,Tuesday,09:33,18:20,60,7.78,0,Present,
E0019-20250702,E0019,Employee 19,Sales,Davao,2025-07-02,Wednesday,,,0,0.0,0,On Leave,Paid Leave
E0019-20250703,E0019,Employee 19,Sales,Davao,2025-07-03,Thursday,,,0,0.0,0,On Leave,Paid Leave
E0019-20250704,E0019,Employee 19,Sales,Davao,2025-07-04,Friday,09:04,18:50,60,8.77,46,Present,
E0019-20250705,E0019,Employee 19,Sales,Davao,2025-07-05,Saturday,09:23,17:22,40,7.32,0,Present,Weekend OT
E0019-20250706,E0019,Employee 19,Sales,Davao,2025-07-06,Sunday,,,0,0.0,0,Off,
E0019-20250707,E0019,Employee 19,Sales,Davao,2025-07-07,Monday,08:59,18:23,60,8.4,24,Present,
E0019-20250708,E0019,Employee 19,Sales,Davao,2025-07-08,Tuesday,09:56,18:00,60,7.07,0,Present,
E0019-20250709,E0019,Employee 19,Sales,Davao,2025-07-09,Wednesday,09:58,18:00,60,7.03,0,Present,
E0019-20250710,E0019,Employee 19,Sales,Davao,2025-07-10,Thursday,09:56,18:00,60,7.07,0,Present,
E0019-20250711,E0019,Employee 19,Sales,Davao,2025-07-11,Friday,09:10,18:00,60,7.83,0,Present,
E0019-20250712,E0019,Employee 19,Sales,Davao,2025-07-12,Saturday,10:42,16:43,30,5.52,0,Present,Weekend OT
E0019-20250713,E0019,Employee 19,Sales,Davao,2025-07-13,Sunday,,,0,0.0,0,Off,
E0019-20250714,E0019,Employee 19,Sales,Davao,2025-07-14,Monday,08:53,18:16,60,8.38,22,Present,
E0019-20250715,E0019,Employee 19,Sales,Davao,2025-07-15,Tuesday,09:08,18:00,60,7.87,0,Present,
E0019-20250716,E0019,Employee 19,Sales,Davao,2025-07-16,Wednesday,09:43,18:24,60,7.68,0,Present,
E0019-20250717,E0019,Employee 19,Sales,Davao,2025-07-17,Thursday,08:59,18:00,60,8.02,1,Present,
E0019-20250718,E0019,Employee 19,Sales,Davao,2025-07-18,Friday,09:26,18:00,60,7.57,0,Present,
E0019-20250719,E0019,Employee 19,Sales,Davao,2025-07-19,Saturday,,,0,0.0,0,Off,
E0019-20250720,E0019,Employee 19,Sales,Davao,2025-07-20,Sunday,,,0,0.0,0,Off,
E0019-20250721,E0019,Employee 19,Sales,Davao,2025-07-21,Monday,09:31,18:30,60,7.98,0,Present,
E0019-20250722,E0019,Employee 19,Sales,Davao,2025-07-22,Tuesday,09:52,18:15,60,7.38,0,Present,
E0019-20250723,E0019,Employee 19,Sales,Davao,2025-07-23,Wednesday,09:48,18:12,60,7.4,0,Present,
E0019-20250724,E0019,Employee 19,Sales,Davao,2025-07-24,Thursday,,,0,0.0,0,Absent,No show
E0019-20250725,E0019,Employee 19,Sales,Davao,2025-07-25,Friday,09:23,19:18,60,8.92,55,Present,
E0019-20250726,E0019,Employee 19,Sales,Davao,2025-07-26,Saturday,,,0,0.0,0,Off,
E0019-20250727,E0019,Employee 19,Sales,Davao,2025-07-27,Sunday,,,0,0.0,0,Off,
E0019-20250728,E0019,Employee 19,Sales,Davao,2025-07-28,Monday,09:52,18:00,60,7.13,0,Present,
E0019-20250729,E0019,Employee 19,Sales,Davao,2025-07-29,Tuesday,08:56,18:32,60,8.6,36,Present,
E0019-20250730,E0019,Employee 19,Sales,Davao,2025-07-30,Wednesday,09:35,18:00,60,7.42,0,Present,
E0019-20250731,E0019,Employee 19,Sales,Davao,2025-07-31,Thursday,09:50,18:00,60,7.17,0,Present,
E0020-20250701,E0020,Employee 20,Finance,Davao,2025-07-01,Tuesday,09:13,18:46,60,8.55,33,Present,
E0020-20250702,E0020,Employee 20,Finance,Davao,2025-07-02,Wednesday,09:08,18:14,60,8.1,6,Present,
E0020-20250703,E0020,Employee 20,Finance,Davao,2025-07-03,Thursday,09:38,18:00,60,7.37,0,Present,
E0020-20250704,E0020,Employee 20,Finance,Davao,2025-07-04,Friday,,,0,0.0,0,On Leave,Paid Leave
E0020-20250705,E0020,Employee 20,Finance,Davao,2025-07-05,Saturday,,,0,0.0,0,Off,
E0020-20250706,E0020,Employee 20,Finance,Davao,2025-07-06,Sunday,,,0,0.0,0,Off,
E0020-20250707,E0020,Employee 20,Finance,Davao,2025-07-07,Monday,08:56,18:18,60,8.37,22,Present,
E0020-20250708,E0020,Employee 20,Finance,Davao,2025-07-08,Tuesday,09:38,18:43,60,8.08,4,Present,
E0020-20250709,E0020,Employee 20,Finance,Davao,2025-07-09,Wednesday,,,0,0.0,0,Absent,No show
E0020-20250710,E0020,Employee 20,Finance,Davao,2025-07-10,Thursday,09:26,18:41,60,8.25,15,Present,
E0020-20250711,E0020,Employee 20,Finance,Davao,2025-07-11,Friday,08:56,18:36,60,8.67,40,Present,
E0020-20250712,E0020,Employee 20,Finance,Davao,2025-07-12,Saturday,,,0,0.0,0,Off,
E0020-20250713,E0020,Employee 20,Finance,Davao,2025-07-13,Sunday,10:19,16:50,29,6.03,0,Present,Weekend OT
E0020-20250714,E0020,Employee 20,Finance,Davao,2025-07-14,Monday,09:56,18:29,60,7.55,0,Present,
E0020-20250715,E0020,Employee 20,Finance,Davao,2025-07-15,Tuesday,09:16,18:20,60,8.07,4,Present,
E0020-20250716,E0020,Employee 20,Finance,Davao,2025-07-16,Wednesday,09:05,19:06,60,9.02,61,Present,
E0020-20250717,E0020,Employee 20,Finance,Davao,2025-07-17,Thursday,09:03,18:00,60,7.95,0,Present,
E0020-20250718,E0020,Employee 20,Finance,Davao,2025-07-18,Friday,09:36,18:51,60,8.25,15,Present,
E0020-20250719,E0020,Employee 20,Finance,Davao,2025-07-19,Saturday,,,0,0.0,0,Off,
E0020-20250720,E0020,Employee 20,Finance,Davao,2025-07-20,Sunday,10:48,19:31,26,8.28,16,Present,Weekend OT
E0020-20250721,E0020,Employee 20,Finance,Davao,2025-07-21,Monday,09:08,19:05,60,8.95,57,Present,
E0020-20250722,E0020,Employee 20,Finance,Davao,2025-07-22,Tuesday,09:21,18:29,60,8.13,7,Present,
E0020-20250723,E0020,Employee 20,Finance,Davao,2025-07-23,Wednesday,09:15,18:43,60,8.47,28,Present,
E0020-20250724,E0020,Employee 20,Finance,Davao,2025-07-24,Thursday,09:12,19:12,60,9.0,60,Present,
E0020-20250725,E0020,Employee 20,Finance,Davao,2025-07-25,Friday,09:25,18:22,60,7.95,0,Present,
E0020-20250726,E0020,Employee 20,Finance,Davao,2025-07-26,Saturday,,,0,0.0,0,Off,
E0020-20250727,E0020,Employee 20,Finance,Davao,2025-07-27,Sunday,,,0,0.0,0,Off,
E0020-20250728,E0020,Employee 20,Finance,Davao,2025-07-28,Monday,09:40,18:16,60,7.6,0,Present,
E0020-20250729,E0020,Employee 20,Finance,Davao,2025-07-29,Tuesday,09:57,18:39,60,7.7,0,Present,
E0020-20250730,E0020,Employee 20,Finance,Davao,2025-07-30,Wednesday,09:54,19:06,60,8.2,11,Present,
E0020-20250731,E0020,Employee 20,Finance,Davao,2025-07-31,Thursday,09:49,18:31,60,7.7,0,Present,
